{"searchPos": [0.10500001162290573, 0.28099989891052246], "sampleCol": [255, 252, 236]}