{"searchPos": [0.10600001364946365, 0.285000205039978], "sampledColor": [255, 148, 128], "sensitivity": 50, "pictureDelay": 1.0}