{"searchPos": [0.7280009388923645, 0.3799996078014374], "sampleCol": [255, 248, 244]}