{"searchPos": [0.10700001567602158, 0.28300023078918457], "sampledColor": [255, 253, 231], "sensitivity": 50, "pictureDelay": 1.0}