{"searchPos": [0.26299983263015747, 0.3790002763271332], "sampledColor": [255, 235, 233], "sensitivity": 50, "pictureDelay": 1.0}